Test3_Question1;Intitulé_Question1;Reponse_Question1
Test3_Question2;Intitulé_Question2;Reponse_Question2
Test3_Question3;Intitulé_Question3;Reponse_Question3
Test3_Question4;Intitulé_Question4;Reponse_Question4
Test3_Question5;Intitulé_Question5;Reponse_Question5
Test3_Question6;Intitulé_Question6;Reponse_Question6
Test3_Question7;Intitulé_Question7;Reponse_Question7
Test3_Question8;Intitulé_Question8;Reponse_Question8
Test3_Question9;Intitulé_Question9;Reponse_Question9
Test3_Question10;Intitulé_Question10;Reponse_Question10
